Variable,Bin,Count,EventRate,WoE,IV,Points
EXT_SOURCE_MEAN,"[1.147e-05,0.3038)",24601,0.2293,1.22,0.2442,-30.7
EXT_SOURCE_MEAN,"[0.3038,0.3843)",24601,0.1443,0.6525,0.0559,-16.4
EXT_SOURCE_MEAN,"[0.3843,0.4392)",24601,0.1049,0.2883,0.0094,-7.3
EXT_SOURCE_MEAN,"[0.4392,0.4838)",24600,0.0809,0.0028,0.0,-0.1
EXT_SOURCE_MEAN,"[0.4838,0.5243)",24601,0.066,-0.2171,0.0043,5.5
EXT_SOURCE_MEAN,"[0.5243,0.5634)",24601,0.055,-0.4114,0.0143,10.4
EXT_SOURCE_MEAN,"[0.5634,0.6023)",24600,0.0407,-0.7277,0.0393,18.3
EXT_SOURCE_MEAN,"[0.6023,0.6439)",24601,0.0367,-0.8361,0.0496,21.0
EXT_SOURCE_MEAN,"[0.6439,0.6926)",24601,0.0295,-1.062,0.0734,26.7
EXT_SOURCE_MEAN,"[0.6926,0.8789)",24601,0.0201,-1.4552,0.1189,36.6
EXT_SOURCE_MIN,"[8.174e-08,0.1435)",24600,0.2111,1.1142,0.1957,-2.8
EXT_SOURCE_MIN,"[0.1435,0.2194)",24601,0.1311,0.5415,0.0368,-1.4
EXT_SOURCE_MIN,"[0.2194,0.2823)",24593,0.106,0.2998,0.0102,-0.8
EXT_SOURCE_MIN,"[0.2823,0.3435)",24609,0.0825,0.024,0.0001,-0.1
EXT_SOURCE_MIN,"[0.3435,0.4032)",24578,0.0707,-0.1433,0.0019,0.4
EXT_SOURCE_MIN,"[0.4032,0.4633)",24419,0.0564,-0.3849,0.0125,1.0
EXT_SOURCE_MIN,"[0.4633,0.5227)",24783,0.0487,-0.5396,0.0235,1.4
EXT_SOURCE_MIN,"[0.5227,0.5826)",24623,0.0413,-0.7132,0.038,1.8
EXT_SOURCE_MIN,"[0.5826,0.6482)",24601,0.0338,-0.9211,0.0583,2.3
EXT_SOURCE_MIN,"[0.6482,0.8789)",24601,0.0258,-1.1983,0.0887,3.0
CREDIT_INCOME_RATIO,"[0.004808,1.333)",24580,0.0685,-0.1773,0.0029,-0.5
CREDIT_INCOME_RATIO,"[1.333,1.818)",24403,0.0774,-0.045,0.0002,-0.1
CREDIT_INCOME_RATIO,"[1.818,2.264)",24176,0.0811,0.0052,0.0,0.0
CREDIT_INCOME_RATIO,"[2.264,2.765)",25223,0.0913,0.1347,0.002,0.3
CREDIT_INCOME_RATIO,"[2.765,3.269)",24622,0.0869,0.0801,0.0007,0.2
CREDIT_INCOME_RATIO,"[3.269,3.912)",24590,0.0914,0.1356,0.0019,0.3
CREDIT_INCOME_RATIO,"[3.912,4.732)",24611,0.0872,0.0836,0.0007,0.2
CREDIT_INCOME_RATIO,"[4.732,5.777)",24601,0.0779,-0.0384,0.0001,-0.1
CREDIT_INCOME_RATIO,"[5.777,7.487)",24529,0.0738,-0.0974,0.0009,-0.2
CREDIT_INCOME_RATIO,"[7.487,49.23)",24673,0.0715,-0.1315,0.0016,-0.3
ANNUITY_INCOME_RATIO,"[0.0002239,0.08)",24523,0.0698,-0.1571,0.0023,7.3
ANNUITY_INCOME_RATIO,"[0.08,0.1035)",24679,0.0735,-0.1016,0.001,4.7
ANNUITY_INCOME_RATIO,"[0.1035,0.1247)",24594,0.0789,-0.0246,0.0001,1.1
ANNUITY_INCOME_RATIO,"[0.1247,0.1438)",24595,0.0781,-0.0353,0.0001,1.6
ANNUITY_INCOME_RATIO,"[0.1438,0.1628)",24587,0.0786,-0.0288,0.0001,1.3
ANNUITY_INCOME_RATIO,"[0.1628,0.1858)",24623,0.0829,0.0293,0.0001,-1.4
ANNUITY_INCOME_RATIO,"[0.1858,0.2125)",24604,0.0848,0.0534,0.0003,-2.5
ANNUITY_INCOME_RATIO,"[0.2125,0.2467)",24599,0.0883,0.0979,0.001,-4.5
ANNUITY_INCOME_RATIO,"[0.2467,0.3018)",24602,0.0895,0.1128,0.0013,-5.2
ANNUITY_INCOME_RATIO,"[0.3018,1.571)",24602,0.0828,0.027,0.0001,-1.2
CREDIT_TERM,"[8.037,10.53)",24587,0.0493,-0.5269,0.0223,9.2
CREDIT_TERM,"[10.53,14.66)",24594,0.1137,0.3789,0.0168,-6.6
CREDIT_TERM,"[14.66,17.79)",24621,0.0982,0.2152,0.0051,-3.8
CREDIT_TERM,"[17.79,19.54)",24430,0.1003,0.2384,0.0062,-4.2
CREDIT_TERM,"[19.54,20)",3817,0.0862,0.0715,0.0001,-1.3
CREDIT_TERM,"[20,22.04)",45535,0.0971,0.2027,0.0083,-3.6
CREDIT_TERM,"[22.04,25.21)",24589,0.0514,-0.4836,0.0191,8.5
CREDIT_TERM,"[25.21,30.14)",24540,0.0735,-0.1021,0.001,1.8
CREDIT_TERM,"[30.14,34.06)",24411,0.07,-0.1547,0.0022,2.7
CREDIT_TERM,"[34.06,45.31)",24884,0.0586,-0.3436,0.0103,6.0
DAYS_EMPLOYED_RATIO,"[0,0.02857)",24601,0.1063,0.3029,0.0104,-5.5
DAYS_EMPLOYED_RATIO,"[0.02857,0.05464)",24601,0.11,0.3417,0.0135,-6.2
DAYS_EMPLOYED_RATIO,"[0.05464,0.08267)",24601,0.1031,0.2691,0.0081,-4.9
DAYS_EMPLOYED_RATIO,"[0.08267,0.1151)",24600,0.0965,0.1963,0.0042,-3.6
DAYS_EMPLOYED_RATIO,"[0.1151,0.1187)",2528,0.0839,0.0415,0.0,-0.8
DAYS_EMPLOYED_RATIO,"[0.1187,0.1226)",46674,0.0552,-0.4069,0.0265,7.4
DAYS_EMPLOYED_RATIO,"[0.1226,0.1652)",24600,0.0856,0.0635,0.0004,-1.2
DAYS_EMPLOYED_RATIO,"[0.1652,0.223)",24601,0.0761,-0.0642,0.0004,1.2
DAYS_EMPLOYED_RATIO,"[0.223,0.3178)",24601,0.0659,-0.2184,0.0044,4.0
DAYS_EMPLOYED_RATIO,"[0.3178,0.7288)",24601,0.0504,-0.5035,0.0206,9.2
AMT_CREDIT,"[4.5e+04,1.8e+05)",20704,0.0633,-0.2616,0.0052,2.5
AMT_CREDIT,"[1.8e+05,2.547e+05)",27632,0.0784,-0.0325,0.0001,0.3
AMT_CREDIT,"[2.547e+05,3.063e+05)",25460,0.0816,0.0119,0.0,-0.1
AMT_CREDIT,"[3.063e+05,4.326e+05)",24533,0.1012,0.2486,0.0068,-2.4
AMT_CREDIT,"[4.326e+05,5.148e+05)",24659,0.0972,0.2038,0.0045,-2.0
AMT_CREDIT,"[5.148e+05,6.042e+05)",24617,0.1041,0.2797,0.0088,-2.7
AMT_CREDIT,"[6.042e+05,7.552e+05)",24382,0.0847,0.0517,0.0003,-0.5
AMT_CREDIT,"[7.552e+05,9e+05)",21833,0.0765,-0.0585,0.0003,0.6
AMT_CREDIT,"[9e+05,1.134e+06)",27501,0.0654,-0.2274,0.0053,2.2
AMT_CREDIT,"[1.134e+06,4.05e+06)",24687,0.054,-0.4316,0.0156,4.2
AMT_INCOME_TOTAL,"[2.565e+04,8.1e+04)",21892,0.0805,-0.0033,0.0,-0.0
AMT_INCOME_TOTAL,"[8.1e+04,9.9e+04)",26167,0.0838,0.0408,0.0002,0.1
AMT_INCOME_TOTAL,"[9.9e+04,1.125e+05)",7617,0.087,0.0822,0.0002,0.2
AMT_INCOME_TOTAL,"[1.125e+05,1.35e+05)",35202,0.0881,0.0953,0.0014,0.2
AMT_INCOME_TOTAL,"[1.35e+05,1.476e+05)",32124,0.084,0.0427,0.0002,0.1
AMT_INCOME_TOTAL,"[1.476e+05,1.62e+05)",23714,0.0862,0.0709,0.0005,0.2
AMT_INCOME_TOTAL,"[1.62e+05,1.8e+05)",6131,0.0817,0.0132,0.0,0.0
AMT_INCOME_TOTAL,"[1.8e+05,2.25e+05)",38991,0.0823,0.0213,0.0001,0.0
AMT_INCOME_TOTAL,"[2.25e+05,2.7e+05)",23830,0.075,-0.08,0.0006,-0.2
AMT_INCOME_TOTAL,"[2.7e+05,1.17e+08)",30340,0.0627,-0.2718,0.0081,-0.6
DAYS_BIRTH,"[-2.523e+04,-2.217e+04)",24589,0.0488,-0.5383,0.0232,-0.5
DAYS_BIRTH,"[-2.217e+04,-2.046e+04)",24613,0.0539,-0.4332,0.0157,-0.4
DAYS_BIRTH,"[-2.046e+04,-1.888e+04)",24591,0.0632,-0.2645,0.0063,-0.3
DAYS_BIRTH,"[-1.888e+04,-1.722e+04)",24605,0.0706,-0.1457,0.002,-0.1
DAYS_BIRTH,"[-1.722e+04,-1.574e+04)",24604,0.0772,-0.0488,0.0002,-0.0
DAYS_BIRTH,"[-1.574e+04,-1.441e+04)",24588,0.0804,-0.0038,0.0,-0.0
DAYS_BIRTH,"[-1.441e+04,-1.314e+04)",24613,0.0883,0.0982,0.001,0.1
DAYS_BIRTH,"[-1.314e+04,-1.168e+04)",24600,0.0982,0.2148,0.005,0.2
DAYS_BIRTH,"[-1.168e+04,-1.028e+04)",24602,0.1103,0.3445,0.0137,0.3
DAYS_BIRTH,"[-1.028e+04,-7489)",24603,0.1165,0.4068,0.0196,0.4
FLAG_MISSING_EXT,"[0,1)",246008,0.0807,0.0,0.0,0.0
