feature,PSI,status,score_psi,auc_original,auc_shifted,auc_delta
EXT_SOURCE_3,0.5294,UNSTABLE,0.0048,0.7707,0.7608,-0.0099
CREDIT_TERM,0.0589,STABLE,0.0048,0.7707,0.7608,-0.0099
DAYS_ID_PUBLISH,0.0027,STABLE,0.0048,0.7707,0.7608,-0.0099
DAYS_BIRTH,0.0004,STABLE,0.0048,0.7707,0.7608,-0.0099
EXT_SOURCE_MEAN,0.0002,STABLE,0.0048,0.7707,0.7608,-0.0099
EXT_SOURCE_2,0.0,STABLE,0.0048,0.7707,0.7608,-0.0099
DAYS_LAST_PHONE_CHANGE,0.0,STABLE,0.0048,0.7707,0.7608,-0.0099
AMT_ANNUITY,0.0,STABLE,0.0048,0.7707,0.7608,-0.0099
DAYS_EMPLOYED_RATIO,0.0,STABLE,0.0048,0.7707,0.7608,-0.0099
DAYS_REGISTRATION,0.0,STABLE,0.0048,0.7707,0.7608,-0.0099
